-- data.sql
-- Review Genie ì´ˆê¸° ë°ì´í„° ì‚½ìž…
-- Spring Boot ì• í”Œë¦¬ì¼€ì´ì…˜ ì‹œìž‘ ì‹œ ìžë™ìœ¼ë¡œ ì‹¤í–‰ë©ë‹ˆë‹¤.

-- ===== ì‚¬ìš©ìž ë°ì´í„° ì‚½ìž… =====
INSERT INTO "user" (user_id, username, password) VALUES 
(1, 'Linsey', 'password1'),
(2, 'Sunshine', 'password2'),
(3, 'Joe', 'password3');

-- ===== ë§¤ìž¥ ë°ì´í„° ì‚½ìž… =====
INSERT INTO store (id, place_id, store_name, location, review_count, user_id) VALUES 
(1, '01', 'ì¹´íŽ˜íŽ˜í¼', 'ì„œìš¸ ì†¡íŒŒêµ¬ 100ë²ˆê¸¸', 205, 1),
(2, '02', 'ëŸ°ë˜ë² ì´ê¸€ë®¤ì§€ì—„ ìž ì‹¤ì ', 'ì„œìš¸ ì†¡íŒŒêµ¬ 200ë²ˆê¸¸', 200, 2),
(3, '03', 'íŒŒì´í™€', 'ì„œìš¸ ì†¡íŒŒêµ¬ 300ë²ˆê¸¸', 180, 3);

-- ===== í‚¤ì›Œë“œ ë°ì´í„° ì‚½ìž… =====
INSERT INTO keyword (keyword_id, keyword_name) VALUES 
(1, 'í¬ìž¥'),
(2, 'ë©”ë‰´'),
(3, 'ì¸í…Œë¦¬ì–´'),
(4, 'ë§›'),
(5, 'ê°€ê²©'),
(6, 'ì˜ˆì•½'),
(7, 'ì²­ê²°');

-- ===== ë¦¬ë·° ë°ì´í„° ì‚½ìž… (ìƒ˜í”Œ 20ê°œ) =====
INSERT INTO review (review_id, store_id, content, sentiment, created_at) VALUES 
(1, 1, 'ë‹¤ì–‘í•œ ì¼€ì´í¬ë¥˜ ë””ì €íŠ¸ë¥¼ íŒŒëŠ” ì˜ˆìœ ì¹´íŽ˜ ì¹´íŽ˜íŽ˜í¼ ë°©ë¬¸í–ˆì–´ìš”ðŸ’š ì¹´íŽ˜ëŠ” ëŸ¬ë¸”ë¦¬í•˜ê²Œ ê¾¸ë©°ì ¸ìžˆì–´ì„œ ë°ì´íŠ¸ë‚˜ ì¹œêµ¬ì™€ ì˜ˆìœ ì¹´íŽ˜ íˆ¬ì–´í•˜ê¸° ë”±ì´ì—ˆêµ¬, ë””ì €íŠ¸ ì¢…ë¥˜ë„ ìƒê°ë³´ë‹¤ ë§Žì•„ì„œ ê³ ë¥´ëŠ”ë° í•œì°¸ ê±¸ë ¸ë„¤ìš”~^^', 'POSITIVE', '2025-08-20T15:41:56.1418703'),
(2, 1, 'í‘ìž„ìž ì¼€ì´í¬ ì§± ë§›ìžˆì–´ì„œ ìˆœì‚­í–ˆì–´ìš”. ë‹¤ìŒì— ë‹¤ë¥¸ ì¼€ì´í¬ë„ ë¨¹ìœ¼ëŸ¬ì™€ì•¼ê² ì–´ìš”. ë§ì°¨ë¼ë–¼ë„ ë§›ìžˆì–´ìš”! ðŸ¥°', 'POSITIVE', '2025-08-20T15:41:56.1438765'),
(3, 1, 'ë”¸ê¸° í¬ë¦¼ì¹˜ì¦ˆ (9,500) ë”¸ê¸°ê°€ ìƒì´ë¼ì„œ ë§›ìžˆì—ˆê³  í¬ë¦¼ì¹˜ì¦ˆë„ ê¾¸ë•! ê·¼ë° ì¢€ ë‹¬ê³  ì§„í•´ì„œ ì•„ì‰¬ì› ì–´ìš”', 'POSITIVE', '2025-08-20T15:41:56.1458858'),
(4, 1, 'ì‹¤í•œë§ê³ ì¼€ì´ê·¸ ë¸”ë£¨ë² ë¦¬ì¹˜ì¦ˆì¼€ìµê¹Œì§€ ë””í”¼ë„ ì—ë·°ë„¤ì˜¤âœ¨ ë””ì €íŠ¸ì²œêµ­', 'POSITIVE', '2025-08-20T15:41:56.1468575'),
(5, 1, 'ì „êµ­ì—ì„œ ì ¤ ë§›ìžˆëŠ” ê¸€ë£¨í…í”„ë¦¬ ë””ì €íŠ¸ ì¹´íŽ˜ðŸ’ ì• í”ŒíŒŒì´ ë¨¹ì–´ë³¸ ì• í”ŒíŒŒì´ ì¤‘ì— ê°€ìž¥ ë§›ìžˆì—ˆê³  ì•„ì§ë„ ë›°ì–´ë„˜ì€ ì• í”ŒíŒŒì´ê°€ ì—†ëŠ”..ðŸ‘ðŸ»', 'POSITIVE', '2025-08-20T15:41:56.1478641'),
(6, 1, 'ìŒë£Œëž‘ ë””ì €íŠ¸ê°€ ë§›ìžˆì–´ë£Œ', 'POSITIVE', '2025-08-20T15:41:56.1484743'),
(7, 1, 'ê¸€ë£¨í…í”„ë¦¬ ë””ì €íŠ¸ê°€ ê¶ê¸ˆí•´ ë°©ë¬¸í–ˆëŠ”ë°, ê¸°ëŒ€ ì´ìƒìœ¼ë¡œ ë§›ìžˆê²Œ ìž˜ ë¨¹ì—ˆìŠµë‹ˆë‹¤. ì–¼ê·¸ë ˆì´ ì˜¤ë Œì§€ ì¼€ì´í¬ê°€ ì¸ìƒ ê¹Šì—ˆëŠ”ë°, ì–¼ê·¸ë ˆì´ì™€ ì˜¤ë Œì§€ì˜ ì¡°í™”ê°€ ìž˜ ì–´ìš°ëŸ¬ì ¸ì„œ ë†€ëž¬ì–´ìš”.', 'POSITIVE', '2025-08-20T15:41:56.1495047'),
(8, 1, 'ë””ìžíŠ¸ì™€ ìŒë£Œ ë§œìžˆì—ˆê³  ì¸í…Œë¦¬ì–´ë„ ì˜ˆì˜ê²Œ í•´ë†”ì„œ ì‚¬ì§„ ì°ê¸°ë„ ì¢‹ì„ ê²ƒ ê°™ì•„ìš”!', 'POSITIVE', '2025-08-20T15:41:56.1495047'),
(9, 1, 'ì£¼ë§ì— ê°”ë”ë‹ˆ ìºì¹˜í…Œì´ë¸”ë¡œ ì›¨ì´íŒ… 30ë¶„ ì¢€ ì•ˆ ë˜ê²Œ í•˜ê³  ë“¤ì–´ê°”ì–´ìš”! ìžë¦¬ë„ ì´ì „ ì†ë‹˜ì´ ë‚˜ê°€ë©´ ë°”ë¡œ ì§ì›ë¶„ì´ ì†Œë…ì œë¡œ ë‹¦ì•„ì¤˜ì„œ ì¢‹ì•˜ì–´ìš” ã…Žã…Ž', 'POSITIVE', '2025-08-20T15:41:56.1505443'),
(10, 1, 'ì¼€ìžŒ ë§›ì§‘ìž…ë‹ˆë‹¹!! íŽ˜í¼ë¼ë–¼ëž‘ ë²šê½ƒë¼ë–¼ì¤‘ì— ê³ ë¯¼ëœë‹¤ë©´ ì»¤í”¼ì¢‹ì•„ -> íŽ˜í¼ë¼ë–¼ / ë‹¬ë‹¤êµ¬ë¦¬ì¡°ì•„ -> ë²šê½ƒë¼ë–¼ ì¶”ì²œí•©ë‹ˆë‹¤>_<', 'POSITIVE', '2025-08-20T15:41:56.1505443'),
(11, 2, 'ëŸ°ë˜ë² ì´ê¸€ë®¤ì§€ì—„ ìž ì‹¤ì ì—ì„œ ë² ì´ê¸€ì„ ë¨¹ì—ˆëŠ”ë° ì •ë§ ë§›ìžˆì—ˆì–´ìš”! í¬ë¦¼ì¹˜ì¦ˆì™€ í•¨ê»˜ ë¨¹ìœ¼ë‹ˆ ë”ìš± ë§›ìžˆì—ˆìŠµë‹ˆë‹¤.', 'POSITIVE', '2025-08-20T15:41:57.0000000'),
(12, 2, 'ë² ì´ê¸€ ì¢…ë¥˜ê°€ ì •ë§ ë‹¤ì–‘í•´ì„œ ê³ ë¥´ê¸° ì–´ë ¤ì› ì–´ìš”. í•˜ì§€ë§Œ ëª¨ë“  ë² ì´ê¸€ì´ ë‹¤ ë§›ìžˆì—ˆìŠµë‹ˆë‹¤!', 'POSITIVE', '2025-08-20T15:41:57.1000000'),
(13, 2, 'ëŸ°ë˜ë² ì´ê¸€ë®¤ì§€ì—„ì˜ ë¶„ìœ„ê¸°ê°€ ì •ë§ ì¢‹ì•˜ì–´ìš”. ì˜êµ­í’ ì¸í…Œë¦¬ì–´ê°€ ì¸ìƒì ì´ì—ˆìŠµë‹ˆë‹¤.', 'POSITIVE', '2025-08-20T15:41:57.2000000'),
(14, 2, 'ë² ì´ê¸€ ê°€ê²©ì´ ì¡°ê¸ˆ ë¹„ì‹¸ê¸´ í•˜ì§€ë§Œ ë§›ê³¼ í’ˆì§ˆì„ ìƒê°í•˜ë©´ ì¶©ë¶„ížˆ ê°€ì¹˜ê°€ ìžˆë‹¤ê³  ìƒê°í•´ìš”.', 'POSITIVE', '2025-08-20T15:41:57.3000000'),
(15, 2, 'ëŸ°ë˜ë² ì´ê¸€ë®¤ì§€ì—„ì—ì„œ ì•„ì¹¨ ì‹ì‚¬ë¡œ ë² ì´ê¸€ì„ ë¨¹ì—ˆëŠ”ë° ì •ë§ ë§Œì¡±ìŠ¤ëŸ¬ì› ì–´ìš”!', 'POSITIVE', '2025-08-20T15:41:57.4000000'),
(16, 3, 'íŒŒì´í™€ì—ì„œ íŒŒì´ë¥¼ ë¨¹ì—ˆëŠ”ë° ì •ë§ ë§›ìžˆì—ˆì–´ìš”! í¬ë¦¼ì´ ë¶€ë“œëŸ½ê³  ë‹¬ì½¤í•´ì„œ ì¢‹ì•˜ìŠµë‹ˆë‹¤.', 'POSITIVE', '2025-08-20T15:41:58.0000000'),
(17, 3, 'íŒŒì´í™€ì˜ ì¸í…Œë¦¬ì–´ê°€ ì •ë§ ì˜ˆë»ìš”! ì‚¬ì§„ ì°ê¸° ì¢‹ì€ ê³³ì´ì—ìš”.', 'POSITIVE', '2025-08-20T15:41:58.1000000'),
(18, 3, 'íŒŒì´ ì¢…ë¥˜ê°€ ë§Žì•„ì„œ ê³ ë¥´ê¸° ì–´ë ¤ì› ì§€ë§Œ, ëª¨ë“  íŒŒì´ê°€ ë‹¤ ë§›ìžˆì—ˆì–´ìš”!', 'POSITIVE', '2025-08-20T15:41:58.2000000'),
(19, 3, 'íŒŒì´í™€ì—ì„œ ì°¨ì™€ í•¨ê»˜ íŒŒì´ë¥¼ ë¨¹ì—ˆëŠ”ë° ì •ë§ ì™„ë²½í•œ ì¡°í•©ì´ì—ˆì–´ìš”!', 'POSITIVE', '2025-08-20T15:41:58.3000000'),
(20, 3, 'íŒŒì´í™€ì˜ ì„œë¹„ìŠ¤ê°€ ì •ë§ ì¹œì ˆí–ˆì–´ìš”! ë‹¤ìŒì— ë˜ ê°€ê³  ì‹¶ìŠµë‹ˆë‹¤.', 'POSITIVE', '2025-08-20T15:41:58.4000000');

-- ===== ê²½ìŸì‚¬ ë°ì´í„° ì‚½ìž… (JOIN ì‚¬ìš©) =====
-- ì„œë¡œ ë‹¤ë¥¸ ì¹´í…Œê³ ë¦¬ì˜ ë§¤ìž¥ë“¤ì„ ê²½ìŸì‚¬ë¡œ ì„¤ì •
INSERT INTO competitor (store_id, competitor_store_id)
SELECT DISTINCT s1.id, s2.id
FROM store s1
CROSS JOIN store s2
WHERE s1.id != s2.id
  AND s1.id = 1  -- ì¹´íŽ˜íŽ˜í¼
  AND s2.id IN (2, 3);  -- ëŸ°ë˜ë² ì´ê¸€ë®¤ì§€ì—„, íŒŒì´í™€

-- ëŸ°ë˜ë² ì´ê¸€ë®¤ì§€ì—„ì˜ ê²½ìŸì‚¬ (ì¹´íŽ˜íŽ˜í¼, íŒŒì´í™€)
INSERT INTO competitor (store_id, competitor_store_id)
SELECT DISTINCT s1.id, s2.id
FROM store s1
CROSS JOIN store s2
WHERE s1.id != s2.id
  AND s1.id = 2  -- ëŸ°ë˜ë² ì´ê¸€ë®¤ì§€ì—„
  AND s2.id IN (1, 3);  -- ì¹´íŽ˜íŽ˜í¼, íŒŒì´í™€

-- íŒŒì´í™€ì˜ ê²½ìŸì‚¬ (ì¹´íŽ˜íŽ˜í¼, ëŸ°ë˜ë² ì´ê¸€ë®¤ì§€ì—„)
INSERT INTO competitor (store_id, competitor_store_id)
SELECT DISTINCT s1.id, s2.id
FROM store s1
CROSS JOIN store s2
WHERE s1.id != s2.id
  AND s1.id = 3  -- íŒŒì´í™€
  AND s2.id IN (1, 2);  -- ì¹´íŽ˜íŽ˜í¼, ëŸ°ë˜ë² ì´ê¸€ë®¤ì§€ì—„

-- ===== ì‹œí€€ìŠ¤ ê°’ ì—…ë°ì´íŠ¸ =====
-- PostgreSQLì—ì„œ ë‹¤ìŒ INSERT ì‹œ ì˜¬ë°”ë¥¸ IDê°€ ìƒì„±ë˜ë„ë¡ ì‹œí€€ìŠ¤ ê°’ì„ ì—…ë°ì´íŠ¸
SELECT setval('user_user_id_seq', (SELECT MAX(user_id) FROM "user"));
SELECT setval('store_id_seq', (SELECT MAX(id) FROM store));
SELECT setval('keyword_keyword_id_seq', (SELECT MAX(keyword_id) FROM keyword));
SELECT setval('review_review_id_seq', (SELECT MAX(review_id) FROM review));
